{
  "runs": {
    "baseline": {
      "queries": 150,
      "hit@1": 0.6666666666666666,
      "hit@5": 0.7933333333333333,
      "mrr@10": 0.7241693121693121,
      "recall@10": 0.6249476674014889,
      "map@10": 0.56914708994709
    },
    "round1": {
      "queries": 150,
      "hit@1": 0.6266666666666667,
      "hit@5": 0.78,
      "mrr@10": 0.6984312169312169,
      "recall@10": 0.6248591141914641,
      "map@10": 0.5564277777777779
    },
    "round2": {
      "queries": 150,
      "hit@1": 0.26666666666666666,
      "hit@5": 0.37333333333333335,
      "mrr@10": 0.3105502645502645,
      "recall@10": 0.2803915645979783,
      "map@10": 0.22128483245149907
    },
    "round3": {
      "queries": 150,
      "hit@1": 0.6533333333333333,
      "hit@5": 0.7866666666666666,
      "mrr@10": 0.713579365079365,
      "recall@10": 0.6170940753719464,
      "map@10": 0.5686126984126983
    }
  },
  "best_by_mrr": {
    "run": "baseline",
    "queries": 150,
    "hit@1": 0.6666666666666666,
    "hit@5": 0.7933333333333333,
    "mrr@10": 0.7241693121693121,
    "recall@10": 0.6249476674014889,
    "map@10": 0.56914708994709
  }
}